{
  "accuracy": 0.9666666666666667,
  "precision": 0.9696969696969696,
  "recall": 0.9666666666666667,
  "f1_score": 0.9665831244778613,
  "cv_best_score": 0.9583333333333334,
  "best_params": {
    "max_depth": 3,
    "min_samples_leaf": 1,
    "min_samples_split": 2,
    "n_estimators": 50
  },
  "n_samples_train": 120,
  "n_samples_test": 30,
  "n_features": 4
}